country,founded,id,industry,linkedin_url,locality,name,region,size,website
united kingdom,2011,iv6QRneXfFQGeqcxk1PdTgtsRKiZ,information technology and services,linkedin.com/company/cecom-support,portsmouth,cecom it support,england,1-10,cecomsupport.com
united kingdom,,HFtAp9cPy6P8NAUtos4pmgQTptBt,information technology and services,linkedin.com/company/bright-interactive-limited,brighton,bright interactive limited,england,1-10,
united kingdom,,HPzi5Yw7yVXGkyU0aCb1PgpDBv5t,information technology and services,linkedin.com/company/kingdom-harvesters-limited,london,kingdom harvesters limited,england,1-10,
united kingdom,2014,Tfj4Qkp4mniSOf22kzigdgYqkq8r,information technology and services,linkedin.com/company/bespoke-it-solutions-uk,london,bespoke it solutions uk,england,11-50,bespokeitsolutions.com
united kingdom,,udv1iyC78kCEqNtNWcBIGQmVcnYR,information technology and services,linkedin.com/company/cqanet-ltd,london,cqanet,england,1-10,cqanet.com
united kingdom,,3llRlsgANTctScuK5Txo6ANTXe4v,information technology and services,linkedin.com/company/zodono-ltd,london,zodono ltd,england,1-10,
united kingdom,2020,4A8XSB2FhRFazIRFUXEFcgfjr0yh,information technology and services,linkedin.com/company/appcure,,appcure,,11-50,
united kingdom,,ZEKqHqDm1YIjfUQB7Byr9wRUncac,information technology and services,linkedin.com/company/firstpoint-it,london,first point it solutions,england,1-10,firstpoint-it.co.uk
united kingdom,2023,XNCPbyX5EClsWUhylCBX5w9kDwNu,information technology and services,linkedin.com/company/all-in-renewables,long melford,all in renewables,england,1-10,allinrenewables.co.uk
united kingdom,,nD6wpErUwTINHF3MJOTgcggJd5oY,information technology and services,linkedin.com/company/webcats-design-studio-limited,accrington,webcats design studio limited,england,1-10,webcatsdesign.co.uk
united kingdom,1987,rmtbXiKKSA3O3tBhMDCwGQabFzaK,information technology and services,linkedin.com/company/rotify-uk,leeds,rotify uk,england,11-50,rotify.co.uk
united kingdom,,pz25680YGLEXGZnJEJ1WBg2Jb0NK,information technology and services,linkedin.com/company/independent-consultant20171,london,independent consultant,england,11-50,
united kingdom,,sAuin4UWaYwN6Q4yizDcywxLJJCQ,information technology and services,linkedin.com/company/sacasa-limited,chesham,sacasa limited,england,1-10,
united kingdom,2009,plABm1BLfIjRTa3iPATrCgQDGFfi,information technology and services,linkedin.com/company/save-your-past-ltd-,oxford,save your past ltd.,england,1-10,saveyourpast.co.uk
united kingdom,,wDWs1rerDO1Qi95Q2ggKPAp1NDFE,information technology and services,linkedin.com/company/blake-7-satellite-ltd,devizes,blake 7 satellite ltd,england,1-10,
united kingdom,2018,jdag20Sr940r29NxdgcbHgfwNpyM,information technology and services,linkedin.com/company/pragmatech-software-solutions,normanton,pragmatech software solutions ltd,england,1-10,pragmatech.software
united kingdom,2021,CqzrnjQq1fwn3J1isThZnwQjD9z5,information technology and services,linkedin.com/company/wattdigital,london,watt digital,england,1-10,wattdigital.co.uk
united kingdom,,p7sEuUL4YIKrXCBhGWgabA69i07b,information technology and services,linkedin.com/company/dot-studio-ltd,london,dot studio ltd,england,1-10,dotstudioltd.com
united kingdom,2018,5S7PbsBtPPqOnVxLp3I4Fwklf0UV,information technology and services,linkedin.com/company/rokada-ltd,london,bglondon group ltd,england,1-10,bglondon.org
united kingdom,,FU7TiPERvLLr7JVE4rVoNgh55PT0,information technology and services,linkedin.com/company/sedulo-it,manchester,sedulo it,england,11-50,sedulo-it.co.uk
united kingdom,,BgBtGmquYTSWQWu0CCXoXAQFLK7z,information technology and services,linkedin.com/company/mciver-consulting-ltd,formby,mciver consulting ltd,england,11-50,
united kingdom,2013,ZuDGpDCwLcG6IdSzYgGCjgylHd4h,information technology and services,linkedin.com/company/hybrit,weedon beck,hybrit services,england,51-200,hybrit.co.uk
united kingdom,,fZWpmYcQr14hX3WMLW0wGwX3OMRW,information technology and services,linkedin.com/company/pixel-matter-limited,salisbury,pixel matter limited,england,1-10,
united kingdom,,i5UQSRFhH2mIv6OiLmGLSAC9DuAA,information technology and services,linkedin.com/company/gold-leaf-consultancy-limited,reading,gold leaf consultancy limited,england,1-10,
united kingdom,,yYdoaIu7SAY9mUCvB7YffQDDdLJv,information technology and services,linkedin.com/company/treehouse-ideas-ltd,london,treehouse ideas ltd,england,1-10,
united kingdom,,DBnLerRKIClLeLXgH8GERArYOJY6,information technology and services,linkedin.com/company/talk2duck,london,talk 2 duck,england,1-10,talk2duck.com
united kingdom,,yq5aktCRge2uAyQuVxWOXwdoGvjm,information technology and services,linkedin.com/company/reputations-limited,berkhampstead,reputations limited,england,1-10,reputations.co.uk
united kingdom,2015,xJEd2aJQlBaRApK0qCwN9gpxk702,information technology and services,linkedin.com/company/sfs-consulting,london,sfs consulting limited,england,1-10,sfs-consulting.co.uk
united kingdom,2022,xWmQzjgZUSJ3D99I37J3AACkeCWk,information technology and services,linkedin.com/company/techgiffi,london,tech giffi,england,1-10,techgiffi.com
united kingdom,,bIGVywJg2lLQAm7tZRWmlQLYTvbc,information technology and services,linkedin.com/company/lancetek-ltd,teignmouth,lancetek ltd,england,1-10,lancetek.com
united kingdom,,YqP7haAmDZeh5fH0Rs5c7AjJiV89,information technology and services,linkedin.com/company/condon-drew-associates-ltd,taunton,condon drew associates ltd,england,1-10,
united kingdom,,lKGsXH6QBHQzJBwvTdp2JAMNn0iF,information technology and services,linkedin.com/company/davar-pc-repairs,gloucester,davar pc repairs,england,1-10,davarpcrepairs.co.uk
united kingdom,2012,bxCMmU520KQNYqTwnqAK1ATLI5De,information technology and services,linkedin.com/company/babl-global,london,babl,england,11-50,bablglobal.com
united kingdom,,4PlifEtKLtiUW2hFT4dQqAnUHN6F,information technology and services,linkedin.com/company/pod-enterprises-llp,,pod enterprises llp,,1-10,podenterprises.co.uk
united kingdom,2004,ezDJmTJCSYX1D1ak4an4dQAVWMX5,information technology and services,linkedin.com/company/key-intelligence,stroud,key intelligence,england,11-50,keyintelligence.uk
united kingdom,2006,f7hAGCeUpQEiOcR7aBo4uwkwd8jk,information technology and services,linkedin.com/company/aulter,leeds,aulter,england,11-50,aulter.com
united kingdom,,RnvSrQjRr1UcKflRlLn4XgBFmSkn,information technology and services,linkedin.com/company/bugzila-ltd,london,bugzila ltd,england,1-10,
united kingdom,,nNXjsDgc1K4nbehy1rL7SgYfymXH,information technology and services,linkedin.com/company/neuralprints-limited,bledlow ridge,neuralprints limited,england,1-10,neuralprints.com
united kingdom,2015,rDj3V7nKXAlHCvVU4zMECA5wGd3s,information technology and services,linkedin.com/company/saddle-point-tech-uk,birmingham,saddle point technologies uk,england,1-10,saddlepointtech.co.uk
united kingdom,,7Q1kQY2NP8HCRFlfoLgpBALtIyh2,information technology and services,linkedin.com/company/action-computer-support-services,wellingborough,action computer support services,england,1-10,pcxd.com
united kingdom,,k5KgOdnnOoiroI9uMsrjAAnD9c0m,information technology and services,linkedin.com/company/centralise-it-ltd,headington,centralise it ltd,england,1-10,centraliseit.com
united kingdom,,V2Wxg43hNtW7GQJFBO0SLwyZ8uYz,information technology and services,linkedin.com/company/pc-specialist-limited,wakefield,pc specialist limited,england,1-10,
united kingdom,1989,LIpOV6C3yGXXyDwKShnkvQel9CT4,information technology and services,linkedin.com/company/sas-global-communications,london,sas global communications,england,51-200,sas.co.uk
united kingdom,2020,FjpgbeHxJaA7tezOfgao5QW6U0Xe,information technology and services,linkedin.com/company/mozgii,london,mozg,england,11-50,tonbrains.com
united kingdom,,CeDgB793GUxEWf7LkBfb3A3Mzh0V,information technology and services,linkedin.com/company/tinu-management-consultancy-ltd,london,tinu management consultancy ltd,england,1-10,
united kingdom,2019,pDTsfYoVJ9owm3d5BGG4GQXQoyC3,information technology and services,linkedin.com/company/usefirst,london,usefirst.me,england,1-10,usefirst.me
united kingdom,2020,KD90rWkzjzpiXIr74NXvfwOELD8K,information technology and services,linkedin.com/company/m8solutions,stockport,m8 solutions limited,england,1-10,m8solutions.co.uk
united kingdom,2012,9MTPcctafGQqkE2yV5Z5pw8qQjP3,information technology and services,linkedin.com/company/atom-it-solutions,newark upon trent,atom it solutions,england,1-10,atomit.com.br
united kingdom,,NM2ynEtEQiXbzEX13LmJsQiPOkFf,information technology and services,linkedin.com/company/vii-networks-limited,stockport,vii networks limited,england,11-50,
united kingdom,2015,04ZbBPoFXQa3xv11gCroiwQaTvwx,information technology and services,linkedin.com/company/indieagile,farnham,indieagile,england,1-10,indieagile.com
united kingdom,2010,V8MSB2C0LeaPmnuVf5pOwgaieFmy,information technology and services,linkedin.com/company/sr-gunda-solutions,basingstoke,sr gunda solutions,england,1-10,srgundasolutions.co.uk
united kingdom,2016,MzHWs8C4LJ4JmAgJyZM7MgBctbqu,information technology and services,linkedin.com/company/gfm-unit-6,colchester,gfm unit 6,england,11-50,gfmunit6.co.uk
united kingdom,,uVzdClmp5CrwESDsxnCeRQAvSCEk,information technology and services,linkedin.com/company/computer-technology-services,durham,computer technology services,england,1-10,computertechnologyservices.co.uk
united kingdom,2018,MoIQVxf8DbmsOqh3t3t7igLki6Jr,information technology and services,linkedin.com/company/quilgo,london,quilgo,england,1-10,quilgo.com
united kingdom,,cjoYQBoVX2swHUcJUYRDmgpxOXEb,information technology and services,linkedin.com/company/geekbox-hosting-limited,london,geekbox hosting limited,england,1-10,
united kingdom,,eWLLHWKOgTA5CQ3PYuADBgap0sfy,information technology and services,linkedin.com/company/dsrc-uk-limited,london,dsrc (uk) limited,england,1-10,
united kingdom,,5GPzUx7rlBCjo0Wf1KBpRQhciTjE,information technology and services,linkedin.com/company/cosima-solutions-ltd,englefield green,cosima solutions ltd.,england,11-50,cosimasolutions.com
united kingdom,2022,CUVS3guSLY892HNeQlAu7QboyVD9,information technology and services,linkedin.com/company/digital-delivery-partnersuk,london,digital delivery partners,england,51-200,digitaldeliverypartners.com
united kingdom,,vm9aEfPIG9RU6s5mFBOAFQmBIO0S,information technology and services,linkedin.com/company/deltaone-solutions,london,"deltaone solutions, by markit",england,1001-5000,deltaonesolutions.com
united kingdom,,FhktZCyTg9f2xAMpFZCGlAE6NcSj,information technology and services,linkedin.com/company/e-nexus-solutions-ltd,birmingham,e-nexus solutions ltd,england,1-10,
united kingdom,2022,yw2w61TDKWVifynzFS50bAdE1lTY,information technology and services,linkedin.com/company/fregata-consulting,london,fregata consulting,england,1-10,
united kingdom,2008,UxRHxCNdJHQSrCrGECBxIgLz2Wcr,information technology and services,linkedin.com/company/anderson-it-consulting-limited,oxford,anderson it consulting limited,england,1-10,ait-consulting.co.uk
united kingdom,,oCZvdKHpORRamLxW4CHIwA9VAT3z,information technology and services,linkedin.com/company/great-bear-computing-limited,manchester,great bear computing limited,england,1-10,
united kingdom,,e6TjIT8CRXVfUgpBi1Vniggw8ihQ,information technology and services,linkedin.com/company/complete-accountancy-ltd,leeds,complete accountancy ltd,england,1-10,
united kingdom,,QIyQS0VMB9pJUlFMoBeosgN55vjt,information technology and services,linkedin.com/company/rappcom-ltd,stafford,rappcom ltd,england,1-10,
united kingdom,,doRGKYBtzdn69tLrTljwAg6tiYPt,information technology and services,linkedin.com/company/netignite-limited,prenton,netignite limited,england,1-10,
united kingdom,,T6X5MmFq7QTAWxVkAmYmFQxJapRb,information technology and services,linkedin.com/company/k3-crm,hook,k3 crm,england,11-50,k3crm.com
united kingdom,,oZiylZGViNLKmIgszyQRVQOrWmSd,information technology and services,linkedin.com/company/inadrop-ltd,london,inadrop ltd,england,1-10,
united kingdom,,o1VWh8lMPepRG525lgu1JwKdTESJ,information technology and services,linkedin.com/company/cventive-limited,milton keynes,cventive limited,england,1-10,
united kingdom,,hTC310oGVUDwMuvKe9N4FQL3bkfi,information technology and services,linkedin.com/company/goldservice-consultancy-limited,manchester,goldservice consultancy limited,england,1-10,
united kingdom,,XPH3aC1uWnF3gCmMeLAypANdybrc,information technology and services,linkedin.com/company/crc-consultancy-limited,london,crc consultancy limited,england,1-10,creditresourceconsultancyltd.co
united kingdom,,4lPbsNc8cxmq0DEPvtm47wUs6G7Y,information technology and services,linkedin.com/company/the-ganges,bishop's castle,the ganges,england,1-10,thegangesrestaurant.co.uk
united kingdom,2011,kXb5Vx9QHmIv3Hl30rGfNwpeIYms,information technology and services,linkedin.com/company/valueweaver,reading,value weaver consulting,england,11-50,valueweaver.co.uk
united kingdom,,JNO95MfoTdBN0wCVw7A7TQdcxI4J,information technology and services,linkedin.com/company/crunch-consultancy-ltd,wanborough,crunch consultancy ltd,england,1-10,crunchconsultancy.com
united kingdom,,MMekkiNcf9XVoZAKq1aZVgzrAsq0,information technology and services,linkedin.com/company/alcacor,london,alcacor,england,11-50,
united kingdom,2018,JC7H6fxFSlEJAPeDaJCJ6gEvPVCw,information technology and services,linkedin.com/company/silver-fox-training,plymouth,silver fox training,england,1-10,silverfoxtraining.co.uk
united kingdom,,EPHE5Ct4JNLc0w41WmOU2QD13P8l,information technology and services,linkedin.com/company/ecomagency,glasgow,ecom agency,scotland,1-10,ecomagency.uk
united kingdom,,jTyWrNgrbnEru2AfqfLZgAuykoF9,information technology and services,linkedin.com/company/cad-precision-limited,peacehaven,cad precision limited,england,1-10,cad-precision.com
united kingdom,,CzJfiS2DwgzG4BYqX0kf7gUZl6oF,information technology and services,linkedin.com/company/new-mine-ltd,london,new mine ltd,england,1-10,
united kingdom,2006,Ba7A2ICDfTPNeHv8biCtRgPgGOY9,information technology and services,linkedin.com/company/telehealth-solutions-ltd,watford,telehealth solutions ltd,england,11-50,
united kingdom,,H7prFR6hyoay58M2nudTqwiPGTyy,information technology and services,linkedin.com/company/braw-enterprises-limited,leigh-on-sea,braw enterprises limited,england,1-10,
united kingdom,2012,e5HBd3MIn30fMA76coVUrwsGhsZw,information technology and services,linkedin.com/company/data-dog,london,data dog,england,11-50,data.dog
united kingdom,2019,F72L2LRe0CpBsaPhXiPtwg2JlG2O,information technology and services,linkedin.com/company/liquid-palladium,london,liquid palladium,england,11-50,liquidpalladium.com
united kingdom,2005,44bRwrvz9SNRMvbJYUCNaQV4Ye66,information technology and services,linkedin.com/company/web-briefcase-ltd,halifax,web briefcase ltd,england,1-10,webbriefcase.com
united kingdom,2018,44DoYb9f8OcAzCMbxltVewb8WsMQ,information technology and services,linkedin.com/company/eqwity,london,eqwity,england,11-50,eqwity.studio
united kingdom,2022,03sX1eurlEoer96mZwiEKQLS8EBA,information technology and services,linkedin.com/company/animxgroup,london,animx,england,1-10,
united kingdom,,PAehqTnyE0sv6zzd1wzyKw3mRkxA,information technology and services,linkedin.com/company/woodall-consulting-limited,bournemouth,woodall consulting limited,england,1-10,
united kingdom,2023,jmbaHwGPDBWEsOebIDBQHAvb5au8,information technology and services,linkedin.com/company/digitec-labs,shenley,digitec labs,england,11-50,digiteclabs.co.uk
united kingdom,2020,j3XeRujRWYGSfvpgBdI0pALlCBrK,information technology and services,linkedin.com/company/gh-networks-ltd,burnley,gateway heyworth networks ltd,england,1-10,gatewayheyworth.co.uk
united kingdom,2005,DuQj6TDfYUawl7giNsYpeQVPkmJ3,information technology and services,linkedin.com/company/eyeontheplace-com,shrewsbury,eyeontheplace.com,england,1-10,eyeontheplace.com
united kingdom,2011,OAyXOoMy4skrPInQlCHgkghua5PG,information technology and services,linkedin.com/company/cloud17-solutions,canterbury,grouth agency,england,11-50,cloud17solutions.com
united kingdom,2008,k3VXj2taTBT6c6ZraVGuWALDenWA,information technology and services,linkedin.com/company/mtech_3,leeds,mtech,england,11-50,mtech.uk.com
united kingdom,,BAcGupoI15Vu1ZtRtpDLYQDTDoUF,information technology and services,linkedin.com/company/marsworth-computing-limited,london,marsworth computing limited,england,11-50,marsworth.net
united kingdom,,Wg9zyEtipYYJoxOLZBYwcQP29vaQ,information technology and services,linkedin.com/company/sapphire-real-estates-limited,alderley edge,sapphire real estates limited,england,1-10,
united kingdom,2012,TsDqZNLLL5rUStj30OFxvQXZkD7e,information technology and services,linkedin.com/company/fbc-consultancy-ltd,derby,fbc consultancy ltd,england,1-10,fbcc.biz
united kingdom,1996,oV3QNS7jnJzPqi6QMeEq5AfontJK,information technology and services,linkedin.com/company/claranet-soho,warrington,claranet soho,england,11-50,claranetsoho.co.uk
united kingdom,2020,aO659pTEpyvCwDNLuFWjjwDaFCkM,information technology and services,linkedin.com/company/pace-technologies-ltd,london,pace technologies ltd,england,1-10,pacetechnologies.co.uk
united kingdom,,wFzs2SxFd5XAOug91Z2GHg5BlXfl,information technology and services,linkedin.com/company/skull-bet,,sb,,1-10,skull.bet
united kingdom,,UAZCkvPCaEPwCBNxPbXumAQtiE5m,information technology and services,linkedin.com/company/sjbn-limited,doncaster,sjbn limited,england,1-10,
united kingdom,2018,x3CoAc63BKQCqu44Y6c72goCrpq0,information technology and services,linkedin.com/company/hostantix,wolverhampton,hostantix ltd,england,1-10,hostantix.uk
united kingdom,,MHKeUjlyMsNBhhPNIfCvJQVJ5qZI,information technology and services,linkedin.com/company/noowit-limited,london,noowit limited,england,1-10,
united kingdom,2017,oGROABYkJa79RCpEeA8zAQKCu7J8,information technology and services,linkedin.com/company/sleath,winchester,sleath.co.uk,england,1-10,sleath.co.uk
united kingdom,,OZBiaT55csygyqMo8zfpdwStnjpY,information technology and services,linkedin.com/company/indivity-limited,henley on thames,indivity limited,england,1-10,
united kingdom,,ooqjtoopZFdrFFEBKa1EhQk676QU,information technology and services,linkedin.com/company/p-d-s-,peterborough,p.d.s.,england,51-200,
united kingdom,2019,fqDxaWKB6Rwlpb7zMr01bQ6VkMPl,information technology and services,linkedin.com/company/cloudtdms,london,cloudtdms - synthetic data factory,england,11-50,cloudtdms.com
united kingdom,,3oBOqBym7OZ2KbKShCs5LgBnvSmY,information technology and services,linkedin.com/company/energenius-solutions,london,energenius solutions inc.,england,1-10,ener-genius.com
united kingdom,1997,PmhVztvCGu8esEQrYTGmyABVITBk,information technology and services,linkedin.com/company/broadcastradio,hessle,broadcast radio ltd.,england,11-50,broadcastradio.com
united kingdom,,C1NOqFSQND5lbp4XZgozggoNsfvS,information technology and services,linkedin.com/company/mj-support-ltd,london,mj support ltd,england,1-10,
united kingdom,,MIPiYYgYxZNJiyP2iN3lKwi438NB,information technology and services,linkedin.com/company/traffic-management-technical-services-limited,london,traffic management technical services limited,england,1-10,
united kingdom,2011,fWAI5g9BdxyGOQj5Ew9OBgjZZPZL,information technology and services,linkedin.com/company/lightbeam-digital-ltd.,manchester,lightbeam digital,england,1-10,lightbeamdigital.com
united kingdom,2018,Nzu8prUqbsO6QGXQfll2CQ3dGoJs,information technology and services,linkedin.com/company/creativeemporium,batley,businessvcards.com businessvcards.fr businessvcards.de / creative emporium.uk mybusinesscard.pl,england,1-10,businessvcards.com
united kingdom,,YgCGz0eBWSSeMKxi33z10QtQktRy,information technology and services,linkedin.com/company/lmr-pc-solutions-limited,bourne end,lmr pc solutions limited,england,1-10,
united kingdom,,fttktmiweed1qEwYUOZU3wHwnsjq,information technology and services,linkedin.com/company/harvard-computer-services,farnborough,harvard computer services,england,1-10,harvard-consultancy.co.uk
united kingdom,2015,1JCg3cySd9dF83DB6GzI8gipy11O,information technology and services,linkedin.com/company/digibrain2020,wembley,digibrain,england,11-50,thedigibrain.co.uk
united kingdom,,nUPhvbrH53KR1GK9cxbKNgetsOyF,information technology and services,linkedin.com/company/aitu-software-limited,saint albans,aitu software limited,england,1-10,aitusoftware.com
united kingdom,2011,8S3IxR5f4ztWcYdfJp4U2gY6ygPt,information technology and services,linkedin.com/company/aambee,london,aambee limited,england,1-10,aambeesoft.co.uk
united kingdom,,H8lvokCIzApNGaKbXevQCwLqcVpN,information technology and services,linkedin.com/company/arcadia-irrigation-limited,aldershot,arcadia irrigation limited,england,1-10,arcadiairrigation.co.uk
united kingdom,2023,TaxHpTXYjej6jxBzWHbFZQnhAQjp,information technology and services,linkedin.com/company/synnovate-group-ltd,london,synnovate group ltd,england,1-10,synnovate.co.uk
united kingdom,2010,EXpzPGumxBVU0Z1rMNR6nQOh6ca4,information technology and services,linkedin.com/company/briggs-associates-ltd,abingdon,briggs associates limited,england,1-10,briggsassociates.co.uk
united kingdom,,TtvcB3O2KRUreu5bewtwgwPpB369,information technology and services,linkedin.com/company/interim-crm,london,interim crm,england,1-10,
united kingdom,,wTrjfV5xCBjZbjhLvCB8twjqPoPj,information technology and services,linkedin.com/company/abct.net-limited,warrington,abct.net limited,england,1-10,
united kingdom,2018,IssCvEaxCA75bpUIP0eQ5gvOwzVV,information technology and services,linkedin.com/company/datazoom-analytics-consultancy,brighton,datazoom analytics & consultancy,england,1-10,datazoom.uk
united kingdom,,NH90M3Y3yOrOudWcjkB5Lg0PKB2C,information technology and services,linkedin.com/company/ian-samuels-limited,croydon,isl consultancy,england,1-10,
united kingdom,,cUePGYzeCBfSDyO0JawQjw6W6VDh,information technology and services,linkedin.com/company/healthandsafetysystems-uk-com,weybridge,healthandsafetysystems.uk.com,england,1-10,healthandsafetysystems.uk.com
united kingdom,,VB3Q2t7aecUDHpjPOoVgdA1t4zOJ,information technology and services,linkedin.com/company/embe-limited,tenterden,embe limited,england,11-50,
united kingdom,,W95LIkssGpGPuhP2xeRl4wgpwjnN,information technology and services,linkedin.com/company/smr-solutions-uk-limited,aberdare,smr solutions (uk)  limited,wales,1-10,
united kingdom,2024,s14pSz6mrfbpeAw2mFZ91g81q4YD,information technology and services,linkedin.com/company/yellow-tram-web-design,glasgow,yellow tram web design,scotland,1-10,yellowtramcreative.com
united kingdom,1999,JWvXKGfisLeRd8d0DyEl9A1zExhE,information technology and services,linkedin.com/company/evaxyx-uk-ltd,london,evaxyx,england,11-50,evaxyx.com
united kingdom,,w8Kw6NGdByBwl3q39ygPBgQLv6sf,information technology and services,linkedin.com/company/amemory-limited,edenbridge,amemory limited,england,1-10,
united kingdom,,5cSDtXwan1Kjm8o100Rz4wXgfuqe,information technology and services,linkedin.com/company/cygnifi-limited,london,cygnifi limited,england,11-50,
united kingdom,,5DeQ7sfZVDrcXsWHgRajbwviafWZ,information technology and services,linkedin.com/company/vitaltest-limited,congleton,vitaltest limited,england,1-10,
united kingdom,,DnoZau48Cgzebcjn7P4jvQPSFuBS,information technology and services,linkedin.com/company/stainlessfabslimited,plymouth,stainless fabs limited,england,1-10,ssfltd.co.uk
united kingdom,,wxVY3FfUG6ZuOQCF1AhfqwDqtzlq,information technology and services,linkedin.com/company/microplus-solutions,tamworth,microplus solutions,england,1-10,mpsl.co.uk
united kingdom,2015,Zzk1HBVwPxkLSOQ39W8rsw240yze,information technology and services,linkedin.com/company/nz-technologies-limited-uk,london,nz technologies limited uk,england,1-10,nztechnologies.co.uk
united kingdom,,JnSRUBCgoA2xDX5GVICtWgzh0Kju,information technology and services,linkedin.com/company/blue-planet-television-limited,london,blue planet television limited,england,11-50,
united kingdom,,XamCWEzxS9rFz9x8d2aABgbbtX6Z,information technology and services,linkedin.com/company/frimhurst-enterprises-c-i-c-,camberley,frimhurst enterprises c.i.c.,england,1-10,
united kingdom,,MMlEldB6lVFLeByMpjaEzgBsB9wD,information technology and services,linkedin.com/company/lirz-seystems,london,lirz seystems,england,1-10,lirz.com
united kingdom,2023,YOTI9XKjiR1Ww6ERIbg3fAIZGGOl,information technology and services,linkedin.com/company/purrfect-solutions-ltd,london,purrfect solutions ltd,england,11-50,purrfect-solutions.com
united kingdom,,SqnVEgtmSpGAyf7wPc4EBQZyxFbx,information technology and services,linkedin.com/company/znetworks-ltd,reading,znetworks ltd,england,1-10,znetworks.co.uk
united kingdom,,729pdMganncPP23sZA0EnQIsEoOV,information technology and services,linkedin.com/company/iq-technology-ltd,london,iq technology ltd,england,1-10,
united kingdom,2010,9vwnULlvH2W52Pdey7ZBaACPi3u5,information technology and services,linkedin.com/company/iaspire-llc,london,iaspire llc,england,1-10,
united kingdom,,6nbo15vC3zfcoPao1mMnTgEoGnCy,information technology and services,linkedin.com/company/proman-systems-ltd,ashton,proman systems ltd,england,1-10,promansystems.co.uk
united kingdom,,VtPKExBBQe1GprGE17GqVwPLBKGV,information technology and services,linkedin.com/company/nobleits,oxford,noble it | managed it services,england,11-50,noble-it.co.uk
united kingdom,2013,VwL6nKrMoxyMirpfVIhS0A3Iqhot,information technology and services,linkedin.com/company/enako-consulting-limited,london,enako consulting limited,england,1-10,
united kingdom,,49arK8oIhgDC9BwcxK926QrjKk9m,information technology and services,linkedin.com/company/webworks,newtown,webworks,wales,1-10,cwahi.net
united kingdom,,FRIafqrrK3xkQkWRYc7THQjhwPJx,information technology and services,linkedin.com/company/darling-street-limited,london,darling street limited,england,1-10,
united kingdom,,UZLJE4Fg1I8CC6sGipNmxwHOVJQW,information technology and services,linkedin.com/company/philip-hope-associates-limited,marston green,philip hope associates limited,england,1-10,
united kingdom,2009,3InyrON7gQ96awchRDWiqwPqS2OL,information technology and services,linkedin.com/company/transaction-analytics-ltd,leeds,transaction analytics ltd,england,1-10,linkedin.com/in/russell-anderson-3571361
united kingdom,,iCsIu1DwUutKrhRY18QfowqkA8zm,information technology and services,linkedin.com/company/contracting-services-gb-limited,loughborough,contracting services (gb) limited,england,1-10,
united kingdom,,FcOsD0IyvT29AxsGPh6HvwOjB6Mt,information technology and services,linkedin.com/company/tech-webblog,london,manufacturing technologies,england,11-50,linkedin.com/company/11055256
united kingdom,,neBdHLYCY4IlYYlTc5HsUQgylXC2,information technology and services,linkedin.com/company/concise-technologies-limited,london,concise technologies limited,england,1-10,
united kingdom,,amCcvNCfQ6DdZb1CsydVDQvVuY4X,information technology and services,linkedin.com/company/virtrader-ltd,hayes,virtrader ltd,england,1-10,
united kingdom,2013,ehQzryPZy8jYd5drdO93vgHLP6cP,information technology and services,linkedin.com/company/logicstechnologies,london,logics technologies,england,11-50,logicsltd.com
united kingdom,,HLUTZCIVKEBRIu6IDR06bgfop6uA,information technology and services,linkedin.com/company/custom-av-limited,wilmington,custom av limited,england,1-10,
united kingdom,2013,JQ4IPmDSKzAUOfDg1h4zgwikhmh7,information technology and services,linkedin.com/company/pixuix-limited,london,pixuix limited,england,1-10,
united kingdom,2000,oYNuZCFo4vOLpX9emhy0MQtPLS5I,information technology and services,linkedin.com/company/till-point,renishaw,till point epos specialists - epos systems,england,1-10,tillpoint.co.uk
united kingdom,2002,8y9E5P8QXMVG5L1Fwptlrgf4ndwL,information technology and services,linkedin.com/company/enterpri-ltd,newport,get to my pc cyf,wales,1-10,gtmpc.co.uk
united kingdom,2009,IpaWopRBU3Yb0biKGlPELwh9Cj7Z,information technology and services,linkedin.com/company/kenward-pullen-it-services-ltd,battle,kpit,england,1-10,kpit.co.uk
united kingdom,,CQxUwfYKKEm73rwwunAprg0vGcQE,information technology and services,linkedin.com/company/synergy-recruitment,london,synergy recruitment,england,1-10,synergyrecruitment.co.uk
united kingdom,2016,w1rab99UDd4rxISknOqzFQq0fPnN,information technology and services,linkedin.com/company/combine-testing,bristol,combine testing,england,1-10,combinetesting.co.uk
united kingdom,,4BzBzGQignHpJs79FWuW5Q5U74Mi,information technology and services,linkedin.com/company/gallantcloud-games-ltd,london,gallantcloud games ltd,england,1-10,gallantcloud.com
united kingdom,1999,IODUlWK2fIhgQ1wArnR4gw3kJQOo,information technology and services,linkedin.com/company/e-computing-europe-limited,london,e-computing (europe) limited,england,1-10,
united kingdom,,HHrbpy9nqEIY1CVHHF7hWgqOP7vC,information technology and services,linkedin.com/company/lynk-consulting-limited,london,lynk consulting limited,england,1-10,
united kingdom,2023,UlJhBbH8hrsZBXFfoLIfuAVTGJXG,information technology and services,linkedin.com/company/eteriauk,london,eteria.,england,1-10,eteria.co.uk
united kingdom,2019,pEOGa4TvE3XZ5SQe1YvafwASpkVH,information technology and services,linkedin.com/company/red-ripple-media,manchester,redripple media,england,11-50,redripplemedia.com
united kingdom,,5ubEhyQdfAU0OCp9cBfXngAzf7M6,information technology and services,linkedin.com/company/no-limits-solutions-ltd,london,no limits solutions,england,1-10,nolimits.solutions
united kingdom,,qCKmrxCbxPmxI2b2YKjdBw4bnbJR,information technology and services,linkedin.com/company/hemini-limited,borehamwood,hemini limited,england,1-10,
united kingdom,,6iZARxladNO0eAiBvhhi4wCSSUpL,information technology and services,linkedin.com/company/onetentechnologies,leeds,oneten technologies limited,england,1-10,oneten.tech
united kingdom,2018,ICWkysLICVAnyZfOwVyeHQVAbbcd,information technology and services,linkedin.com/company/red-kite-managed-print,stamford,red kite managed print,england,1-10,redkite.uk.com
united kingdom,1994,JhBZRcHbwJO9R5WP94lKoAAIn6hs,information technology and services,linkedin.com/company/sovereign-data-connect,london,sovereign data connect,england,1-10,sovereigndc.com
united kingdom,2010,aeux5lyfRJEZ2GuTGdKFtgl1tp0d,information technology and services,linkedin.com/company/it-support-business-ltd,bournemouth,itsb (it support business ltd),england,11-50,itsupportbusiness.co.uk
united kingdom,,bCEvVM9RNOXBclJ86Ob6MgTGREHK,information technology and services,linkedin.com/company/lj-darham-ltd,london,lj darham ltd,england,1-10,
united kingdom,,z8LIoMlJsBzOKraLygeXPggJcUVZ,information technology and services,linkedin.com/company/example-1-ltd,edinburgh,example 1 ltd,scotland,1-10,example1.co.uk
united kingdom,1999,AhoEWjCb2tCuXKpMn52DCAge9wPg,information technology and services,linkedin.com/company/linten-technologies-ltd,manchester,linten technologies ltd,england,11-50,linten.co.uk
united kingdom,2014,7CLfDuhKSWSilEB0fgz48gwY84uy,information technology and services,linkedin.com/company/lovis,london,lovis company,england,51-200,lovis.company
united kingdom,,TL90X1b2JE06fCnfm3dNygFZD93l,information technology and services,linkedin.com/company/bluetree-solutions-limited,london,bluetree solutions limited,england,1-10,
united kingdom,,Cnr4gyoiTMkfpfoI401x4gyLmCRR,information technology and services,linkedin.com/company/zenyth-uk,london,zenyth,england,11-50,zenyth.uk
united kingdom,,Ss9B60PopGwRXfcRyaMWNwIR6OZW,information technology and services,linkedin.com/company/virtual-ca-ltd,london,virtual ca ltd,england,1-10,
united kingdom,,mn8dsYSvol40KJ2jlchPeASYyCEu,information technology and services,linkedin.com/company/niharika-associates-ltd,basildon,niharika associates ltd,england,1-10,
united kingdom,,sJvXlRj3GHB9WpejLNUVqgSgCTIC,information technology and services,linkedin.com/company/credo-it-services-limited,redditch,credo it services limited,england,1-10,
united kingdom,,b9GpegBcXGKdyBHBK5E0jATLprou,information technology and services,linkedin.com/company/samskara-consulting-limited,basingstoke,samskara consulting limited,england,1-10,
united kingdom,2003,mjIt8C6WUKl20TmL051r6wHvhQQ8,information technology and services,linkedin.com/company/xceed-group,london,xceed group,england,1-10,xceedgroup.co
united kingdom,2021,ox5MEM4lPYrIDDi27BcUHAfnNh72,information technology and services,linkedin.com/company/8xr,london,8xr,england,1-10,8xr.io
united kingdom,2018,6RCx50ukgkmUq5PPClxmJAFEg442,information technology and services,linkedin.com/company/digiteers-foundation,london,digiteers foundation,england,1-10,digiteers.org
united kingdom,,1Lg8URCkdblYmt6MI7umOQsQOQHl,information technology and services,linkedin.com/company/foxc-limited,southampton,foxc limited,england,1-10,
united kingdom,2010,qOTmqrDHlISLKCQ9BSA3pgTAJwqr,information technology and services,linkedin.com/company/redefine-it-limited,london,redefine it limited,england,1-10,redefineit.co.uk
united kingdom,,lX3dmr9Gz5NDO2dQxWHpHgoyRp5E,information technology and services,linkedin.com/company/astutemyndz,london,astute myndz,england,51-200,astutemyndz.com
united kingdom,2021,Znd2Sz5J5R35JGv3KwZsUwbMp89e,information technology and services,linkedin.com/company/mobius-binary-clearly-secure,london,mobius binary,england,11-50,mobiusbinary.com
united kingdom,,aMJFv5sGi1gIwPFfzBG4WAP3ubBs,information technology and services,linkedin.com/company/solartec-solutions-ltd,penarth,solartec solutions ltd,wales,1-10,solartecsolutions.co.uk
united kingdom,,7aJ6XgD2ZtYKjHWMTxOd7AMJGkWx,information technology and services,linkedin.com/company/bitgain-labs,london,bitgain labs,england,11-50,bitgain.ai
united kingdom,,rh9bljU8OxiR95w4jYe3bgviMnU2,information technology and services,linkedin.com/company/ladder-it-limited,glasgow,ladder it limited,scotland,1-10,
united kingdom,,spMnAfnSWIvmXAb2NXZxUwYQhOyN,information technology and services,linkedin.com/company/posterista-ltd,coventry,posterista ltd,england,1-10,
united kingdom,2015,hdTe2uKmY5uQAyzMCTxBLApcK9Nz,information technology and services,linkedin.com/company/techie-support-limited,exeter,fortress app (techie support ltd),england,1-10,fortressapp.net
united kingdom,2014,blHB8hVEBqSraM7tdBEc3AXuRtSe,information technology and services,linkedin.com/company/home-it-support,bisley,home it support,england,1-10,home-it-support.co.uk
united kingdom,2015,Nhg81XFE3s7FiteQ0II2vA4U6Ycl,information technology and services,linkedin.com/company/tsquared,southampton,tsquared,england,1-10,tsquared.xyz
united kingdom,,89LdGrrMCysCcDmqRCG6TwMeCj4Z,information technology and services,linkedin.com/company/payroll-excel,,payroll excel,,1-10,payrollexcel.co.uk
united kingdom,1997,ty7BTogzbKp1rCN5uK4c2ABC1tYk,information technology and services,linkedin.com/company/netui,sandford,netui,england,1-10,netui.co.uk
united kingdom,2012,YdFC2ABBP2daPnqVsm46jAQNOfOv,information technology and services,linkedin.com/company/voran-ltd,derby,voran ltd,england,1-10,voran.co.uk
united kingdom,2015,qefKMjiPQK3zmxUfV8VEvg3tZLlD,information technology and services,linkedin.com/company/endian-group,london,endian,england,1-10,endian.io
united kingdom,,HaQBIaKBMW356hZ8Q2XvgAaFmz8V,information technology and services,linkedin.com/company/inca-holdings,egham,inca holdings,england,1-10,
united kingdom,,TNVZJfctRjsoZiBeRBTivANMBCoE,information technology and services,linkedin.com/company/sharp-applications-ltd,edinburgh,sharp applications ltd,scotland,1-10,
united kingdom,1992,rgrpYySqgJxZWClqRSC9VwLezaPE,information technology and services,linkedin.com/company/gregory-micallef-associates-ltd,london,gregory micallef associates ltd,england,11-50,gmal.co.uk
united kingdom,,IThPmZf4h8PjYV0JBd4icwwMwdFv,information technology and services,linkedin.com/company/overwatch-technologies-ltd.,stockton-on-tees,overwatch technologies ltd.,england,1-10,
united kingdom,,fC5ByXdPxA5sv4kGBPaK4gjyJOPz,information technology and services,linkedin.com/company/approachable-technology,romsey,approachable technology,england,1-10,firstfloorgallery.com
united kingdom,,VbrdhKch7n0B7CbrC2HHOA00d8Ff,information technology and services,linkedin.com/company/human-capital-development-limited,andover,human capital development limited,england,1-10,human-capital-development.co.uk
united kingdom,2012,JOuQ299uD2Nd5Da9BWxKlguHzCtc,information technology and services,linkedin.com/company/mac-clan-consulting,london,mac clan consulting limited,england,1-10,macclanconsulting.co.uk
united kingdom,,ce9ogfha5ZKlEkpWuKLWMwMhxBdw,information technology and services,linkedin.com/company/clifton-computer-systems-limited,london,clifton computer systems limited,england,1-10,
united kingdom,,LyQlv4zCl8g2Xk9CD9BJBwBPbKn6,information technology and services,linkedin.com/company/route-b-limited,london,route b limited,england,1-10,
united kingdom,,Amp6sOI1UhCaqwikbnyFogfJ2MlB,information technology and services,linkedin.com/company/falkirk-computer-shop-ltd,falkirk,falkirk computer shop ltd,scotland,1-10,falkirkcomputershop.co.uk
united kingdom,2021,zhmDJnXLmJF2jr4FfFQBlgMR5uWP,information technology and services,linkedin.com/company/village-web-company-cic,stockport,village web company cic,england,1-10,villagewebcompany.co.uk
united kingdom,2001,Z4EWHl4JVyIvH6XLupjXDQcWmCJf,information technology and services,linkedin.com/company/confidence-it-ltd,milton keynes,confidence it,england,1-10,c-it.co.uk
united kingdom,,8qrSZSFCZO6T9IJTDGfefg6wdspN,information technology and services,linkedin.com/company/cannon-services-limited,sevenoaks,cannon services limited,england,1-10,
united kingdom,,hQli6YqfmEgCxZq5WGBoVQGlqQ1Z,information technology and services,linkedin.com/company/firefew-limited,london,firefew limited,england,1-10,
united kingdom,,XJEoUP4TXl11FChX1PICcQPdq4vZ,information technology and services,linkedin.com/company/twenty20-technology-ltd,penicuik,twenty20 technology ltd,scotland,1-10,
united kingdom,,nIY3UbZUUwvLgIq0HDC4XwvXG69E,information technology and services,linkedin.com/company/proimtec-limited,barrow upon soar,proimtec limited,england,1-10,
united kingdom,,1bGYdmY3vwyvgG9AT1CCwAaVsqOD,information technology and services,linkedin.com/company/staal-williams-limited,london,staal williams limited,england,1-10,staalwilliams.com
united kingdom,2012,MtEhvNDmOqFgmQKcBesvjAAjAABB,information technology and services,linkedin.com/company/codefish-consulting-limited,camberley,codefish consulting,england,1-10,codefish.co.uk
united kingdom,2023,3ndBvKEvD7CCv62cCJVbCws0Sxcx,information technology and services,linkedin.com/company/ebdon-ltd,hinckley,ebdon ltd,england,1-10,ebdon.co.uk
united kingdom,,hzVN1EUsCGHAsWS0LBed0A3Pk2Pl,information technology and services,linkedin.com/company/invictawiz-limited,london,invictawiz limited,england,1-10,
united kingdom,,B9WdWwDKrcDInrnVvGIOxAcIjdwd,information technology and services,linkedin.com/company/protech-alarms-limited,london,protech alarms limited,england,1-10,protechalarms.co.uk
united kingdom,,dmKKWxQCUtS9CSNMFxIDcA0A4b9v,information technology and services,linkedin.com/company/sasha-tugolukova-ltd.,london,sasha tugolukova ltd.,england,1-10,
united kingdom,,QdUc2s7L7Cqm8GxCMNxkIAIMjcRN,information technology and services,linkedin.com/company/chris-pook-ltd,london,chris pook ltd,england,1-10,
united kingdom,1984,qPDEjYADXSRGlbJvQFrysQxVudEI,information technology and services,linkedin.com/company/timewade-ltd,clyst st mary,timewade,england,11-50,timewade.com
united kingdom,,3CM34JsCCZdqT9G7yh5pNA4QVQRz,information technology and services,linkedin.com/company/4si-health-limited,swindon,4si health limited,england,1-10,
united kingdom,,bZxRwTWNTNgzEkqRx36WmAaRGuEk,information technology and services,linkedin.com/company/pagemark-solutions-ltd,pontefract,pagemark solutions ltd,england,1-10,pagemarksolutions.co.uk
united kingdom,,7BsMZo1ShqMPesYFLU9FSAnuL8cF,information technology and services,linkedin.com/company/keystone-computer-services-limited,london,keystone computer services limited,england,11-50,keystonecomputer.com
united kingdom,2012,jdhIEhBUtG9O6tM8PnDHBAWWww8M,information technology and services,linkedin.com/company/firstcron,addlestone,firstcron,england,11-50,
united kingdom,,l7d48I45AAUrul85Ys84fQ4D5Zam,information technology and services,linkedin.com/company/ballagh-consulting-ltd,manchester,ballagh consulting ltd,england,1-10,
united kingdom,2009,kBq26ogfTZBUep3So7olvwJhWuO9,information technology and services,linkedin.com/company/truly-audio-visual-it-&-telecommunication-solutions,blackburn,"truly avit - audio, visual, information technology & telecommunications",england,1-10,trulyavit.co.uk
united kingdom,,4n3RAeuBO4jPRZLPPCbKggtWOCSe,information technology and services,linkedin.com/company/ufo-audio-visual-limited,upton upon severn,ufo audio visual limited,england,1-10,
united kingdom,,OREf6uEpuEACTBacC5cnJApCwkn8,information technology and services,linkedin.com/company/cube-computing-ltd,luton,cube computing ltd,england,1-10,
united kingdom,2004,wPHUTa9otsiA0qTakEEKQAJ8c71d,information technology and services,linkedin.com/company/hydrocloride-designs,congleton,hydrocloride designs,england,1-10,hydrocloride.us
united kingdom,,koqk6I8wKGBRGLIrhQYDcAKBKJJs,information technology and services,linkedin.com/company/smart-support-uk,,smart support uk,,11-50,smartsupportuk.com
united kingdom,2023,TTIsqjGdtOngvPK2In5CXAPrTIxJ,information technology and services,linkedin.com/company/descha,london,descha,england,1-10,descha.xyz
united kingdom,,pkCGB1bywlRCz9QBUodJbAyhOSVL,information technology and services,linkedin.com/company/morpho-cards-uk-limited,winnersh,morpho cards uk limited,england,11-50,
united kingdom,,uBLAQGZDEYzWIMTqovYMCgnXdDHy,information technology and services,linkedin.com/company/infrastructure-support-services-ltd,chandler's ford,infrastructure support services ltd,england,11-50,
united kingdom,,MFBfBR40if26kEcQCCIougPvLIWA,information technology and services,linkedin.com/company/techcom-solutions-limited,london,techcom solutions limited,england,1-10,
united kingdom,,FFBoIsSTnw0FFCRUfVXQWQuF51nX,information technology and services,linkedin.com/company/intellisence-ltd,london,intellisence ltd,england,1-10,
united kingdom,2000,B1rZ83Ih6RYscQ4knBM4QA7n2TUS,information technology and services,linkedin.com/company/security-alchemy,pontypridd,security alchemy,wales,1-10,securityalchemy.net
united kingdom,,qf9TMjAQZmhHkrQBht3DTgy7JvOr,information technology and services,linkedin.com/company/micropoint-managed-services-limited,reading,micropoint managed services limited,england,1-10,
united kingdom,2003,ALZYoBXGRe1KsI8DUZgklQHeg96O,information technology and services,linkedin.com/company/pro-advertise,london,pro advertise,england,11-50,proadvertise.co.uk
united kingdom,2022,1piN8LO7hxn1PgQcZBTbMwhwDDoC,information technology and services,linkedin.com/company/blokchainr-limited,gillingham,blokchainr limited,england,1-10,blokchainr.com
united kingdom,,8bbUw5BmjeXDO93sXjNjJQWk7qHs,information technology and services,linkedin.com/company/verse-limited,canterbury,verse limited,england,1-10,
united kingdom,,hvr2wnBqCjPpEitaqXzWjAQizZNe,information technology and services,linkedin.com/company/software-leads,,software leads,,11-50,software-leads.com
united kingdom,2018,C2HD2u8kFbN2U2poEZ8ZZAuP3i8d,information technology and services,linkedin.com/company/yugan-data-systems,slough,yugan data systems,england,1-10,yugandatasystems.wixsite.com/website
united kingdom,2022,oPKCuwpaPgEwElyNz8tznQzltVej,information technology and services,linkedin.com/company/sizer-concepts-ltd,harlow,sizer concepts ltd.,england,1-10,sizerconcepts.com
united kingdom,,qKsSbnKuz066cX6I42qbygtW27vy,information technology and services,linkedin.com/company/smlinkit,london,smlink it,england,1-10,smlinkit.com
united kingdom,,5VTswPHhBxvwvGhsUXBPDgjbKqlF,information technology and services,linkedin.com/company/lcs-tech,london,lcs tech,england,1-10,lcstech.co.uk
united kingdom,2022,9z1omqzMUPStXPwCxon5LQoH2g8P,information technology and services,linkedin.com/company/dcm-cybersecure,edinburgh,dcm cyber,scotland,1-10,dcmcyber.com
united kingdom,,kNH3hb28CkK5fSCYjyuSQQ8v6iKL,information technology and services,linkedin.com/company/benefit-media-ltd.,london,benefit media ltd.,england,1-10,
united kingdom,2015,zBjG9Bhmas4rDnaXwonpPgf14UKu,information technology and services,linkedin.com/company/monitoring-artist,london,monitoring artist,england,1-10,monitoringartist.com
united kingdom,,COSQOsfIz4jg9Sd45v7Ifwrl8cgm,information technology and services,linkedin.com/company/i4b-app,ormskirk,i4b,england,1-10,auditapp.uk.com
united kingdom,,RgsX0DxDzN4UP0GhR682JQ3U97tN,information technology and services,linkedin.com/company/wizard-of-web-limited,manchester,wizard of web limited,england,1-10,
united kingdom,2012,KwRfTQhOTUxasTRWtjol2wBitG9i,information technology and services,linkedin.com/company/intelivita,leeds,intelivita private limited,england,51-200,intelivita.co.uk
united kingdom,2017,fphg2vh69Ueq5hkJnIUlBgZHohmb,information technology and services,linkedin.com/company/bouncetechnologiesltd,brighton,bounce technologies limited,england,1-10,bouncebot.io
united kingdom,,LukSsNKYYPuKlBxlVAOpCwf4qUgS,information technology and services,linkedin.com/company/zon-consulting-services-ltd,manchester,zon consulting services ltd,england,1-10,zonconsultingservices.com
united kingdom,,7twz1WvjJsLPHEtXRVNbsgcmpJHb,information technology and services,linkedin.com/company/creation-advertising-limited,pill,creation advertising limited,england,11-50,
united kingdom,,sdb65bNI7BXcxVey9YSRCg6t0fs8,information technology and services,linkedin.com/company/wines-cellars-limited,kenilworth,wines cellars limited,england,1-10,
united kingdom,,U9WedfV5O66ryB74HuLBugVj7sjo,information technology and services,linkedin.com/company/frozenweb-limited,edinburgh,frozenweb limited,scotland,1-10,
united kingdom,,Osf8aD5x7BdHpKuEZ3IS3A6Uxprs,information technology and services,linkedin.com/company/scarlette-ai,london,scarlette ai,england,1-10,scarletteai.com
united kingdom,2017,RHtaPi1ihE8JMGSnNbrFMAFYND9m,information technology and services,linkedin.com/company/icelinehosting,london,iceline hosting,england,1-10,iceline-hosting.com
united kingdom,,vpqgX8AGJlrNkpWsODNdsQtVwWSr,information technology and services,linkedin.com/company/proactive-appliance-testing-limited,atherstone,proactive appliance testing limited,england,1-10,proactiveappliancetesting.co.uk
united kingdom,2013,bkrWOX31Sh8FofTkygOWBgfDLnv2,information technology and services,linkedin.com/company/pitt-pauly-services,edinburgh,self-employed / contractor,scotland,1-10,pittpauly.com
united kingdom,,RtZ63XyH5sCC8Hp4fjSkKQpRVQG3,information technology and services,linkedin.com/company/wam-group-holdings-ltd,pontardulais,wam group holdings ltd,wales,1-10,
united kingdom,2009,CqhS8s7BnTTw9x0sK58tRw64fMyU,information technology and services,linkedin.com/company/sreetechltd,london,sree technologies limited,england,11-50,sreetechltd.com
united kingdom,,pCCm8mm70beIg0UX0vDoogYhJpi2,information technology and services,linkedin.com/company/e2e-integration,london,e2e integration,england,1-10,
united kingdom,1999,WYuaFnPvsFb24Gd8YdCWAAUyVdOW,information technology and services,linkedin.com/company/footprint-ltd-aretenet,london,footprint limited,england,1-10,fleischerei-koerfer.de
united kingdom,,ZUPalCZ2ZeywqdsP7dEqbAOfC8z7,information technology and services,linkedin.com/company/daelmans-dutch-pastries-limited,forest row,daelmans dutch pastries limited,england,1-10,
united kingdom,,2PkmHMTQhQW09GlYbgZuxw3YC6Zr,information technology and services,linkedin.com/company/the-catalogue-company-limited,saffron walden,the catalogue company limited,england,1-10,
united kingdom,2024,RpuuncmoD5Xmnmw735Xp9ghFN1E4,information technology and services,linkedin.com/company/databrain-solutions,wakefield,databrain solutions ltd,england,1-10,databrain.solutions
united kingdom,,hvMF2CqeUsbbjeUOTJN3IA5ritxd,information technology and services,linkedin.com/company/holdsworth-consulting-limited,london,holdsworth consulting limited,england,1-10,
united kingdom,,E5wqEzwBBxMdPSBzlKpXYwOCsslY,information technology and services,linkedin.com/company/palmira-properties-limited,hawarden,palmira properties limited,wales,11-50,
united kingdom,2014,sHuW3DrCIF6fN1li4WV6Bg7UkUx4,information technology and services,linkedin.com/company/factoryinternetltd,hastings,factory internet,england,11-50,factoryinternet.co.uk
united kingdom,2016,WBU7JAoZhqn6qikB7khTowLo1rFz,information technology and services,linkedin.com/company/somewhere-else-ltd.,london,somewhere else: the immersive tech innovation agency,england,11-50,somewhereelse.co
united kingdom,1978,HgviCrNd6yYCVOebWNHv0wGNHbkM,information technology and services,linkedin.com/company/d&e-office-soolutions-limited,wythenshawe,deos group.co.uk limited,england,11-50,deosgroup.co.uk
united kingdom,,B24GN87OxxwNqDdtygWfNQZAAbYl,information technology and services,linkedin.com/company/vertical-stone-limited,maidenhead,vertical stone limited,england,1-10,
united kingdom,2010,TvPzpD108HH3aCHnTdcuTwxul0KM,information technology and services,linkedin.com/company/taggermoon-limited,irvine,taggermoon limited,scotland,1-10,taggermoon.com
united kingdom,2005,87K3rXVeglsUPaSYcvIHfQOZaIyu,information technology and services,linkedin.com/company/dr-solutions-international-ltd,littlehampton,dr solutions international ltd,england,1-10,drsolutions.co.uk
united kingdom,2017,lYYqvmUqEPT5IebAGdnoUwfrYRij,information technology and services,linkedin.com/company/mystream-agency,plymouth,mystream agency,england,1-10,mystream.agency
united kingdom,2014,84OKF1gKqEByUKSJqGWIawFXuFHL,information technology and services,linkedin.com/company/hyper-group-network,london,hyper group network ltd.,england,1-10,hypernology.com
united kingdom,,llZ6y0MdcNifP0D0nljPLg9syGh3,information technology and services,linkedin.com/company/crestway-2000-limited,london,crestway 2000 limited,england,1-10,
united kingdom,2016,7PA7MASkUAe0AzlYBUfBPgfRAFVd,information technology and services,linkedin.com/company/geekconsults,london,geeksters consulting pvt ltd,england,11-50,geeksters.tech
united kingdom,,jossMOzjQQxyqsUPVlje8gaQGHgJ,information technology and services,linkedin.com/company/ouranosmedia,london,ouranos media,england,11-50,ouranosmedia.com
united kingdom,,atxvWrFBooBCUtQqXlfZJgbKYTiy,information technology and services,linkedin.com/company/rote-limited,manchester,rote limited,england,11-50,
united kingdom,,wKgikm14qPvmqaBC5jUKogUiYoyb,information technology and services,linkedin.com/company/lesney-industries-limited,london,lesney industries limited,england,11-50,
united kingdom,2018,u9CgFlVshOEz75VrRPedXwk1NxIB,information technology and services,linkedin.com/company/digital-northants,northampton,digital northants,england,1-10,digitalnorthampton.com
united kingdom,2017,zVQcynnUnEpFsLLf8GVztAXfLsto,information technology and services,linkedin.com/company/domiwebservices,tilbury,dominion web global services,england,11-50,domiwebservices.com
united kingdom,,0WdPCrJGnDmi1rDj8hlwwg0yN02o,information technology and services,linkedin.com/company/linley-design-limited,southampton,linley design limited,england,1-10,
united kingdom,2010,eOjB0b4GjPbhdVGYE4CwBwCzEYHp,information technology and services,linkedin.com/company/cdpartridge-consulting-ltd,,cdpartridge consulting ltd,,1-10,
united kingdom,,xC7WgKuUGyeTJCLMBuc6hwgXQtUr,information technology and services,linkedin.com/company/red-cube-systems-limited,wakefield,red cube systems limited,england,11-50,
united kingdom,,9h2rNYJ9leCcXHEBRGvndAfknD4P,information technology and services,linkedin.com/company/impartech-limited,baldock,impartech limited,england,1-10,impartech.co.uk
united kingdom,2005,FJnYoWK1Efha6ZpKXk73hALTA04l,information technology and services,linkedin.com/company/e2-ts,london,e2 technology solutions,england,1-10,erudit.co.uk
united kingdom,2019,8AQDfZC3XTQcu6s9RjIRuwGoxCDD,information technology and services,linkedin.com/company/ggvirtual,bournemouth,gg virtual | virtual pa & business support services,england,1-10,ggvirtual.com
united kingdom,,V9A2fCPD6iUb1k85arn6gAlmGAkW,information technology and services,linkedin.com/company/jgg-asset-management-support-ltd,coventry,jgg asset management support ltd,england,1-10,
united kingdom,,xsXnNWlLwBlfncgrB3U84wveFHt7,information technology and services,linkedin.com/company/safe-and-secure-solutions,,safe and secure solutions,,1-10,safeandsecuresolutions.co.uk
united kingdom,2017,41svB02GczC89IzwFyTPawGKE5Lo,information technology and services,linkedin.com/company/360ctrl,fareham,360ctrl,england,1-10,360ctrl.co.uk
united kingdom,2015,NJ6pAKBSXYuTjPp4ybWg7AilQINt,information technology and services,linkedin.com/company/cotelic,,rownham coaching ltd,,1-10,rownhamcoaching.co.uk
united kingdom,2002,1vtWV4rt1LItljvBdFRL7Q1TbW1f,information technology and services,linkedin.com/company/citec-london,london,citec london,england,11-50,citeclondon.org
united kingdom,,pnybTW1UoUxLBBEjKar6CATLHnyr,information technology and services,linkedin.com/company/mike-jakeways-ict-limited,oundle,mike jakeways ict limited,england,1-10,
united kingdom,,7C4pDHaCpOBWrgDDpXWJBA45VAHs,information technology and services,linkedin.com/company/cloud-one-tech,london,cloud one,england,1-10,cloudonetech.co.uk
united kingdom,,6WSC6xwGfeXEWSu2mObvNgGRFbuy,information technology and services,linkedin.com/company/laserform-limited,walsall,laserform limited,england,11-50,
united kingdom,2015,eaOkqd5TCNb1YMCGAtW2GQfIYeje,information technology and services,linkedin.com/company/clicsource,london,clicsource,england,51-200,clicsource.com
united kingdom,1999,As2tYCIJqQJWSyrBDdj1TA7uUqM8,information technology and services,linkedin.com/company/linkmediasystems,london,link media systems,england,51-200,linkmediasystems.com
united kingdom,,MIfeZWEqwjAIm0anzAtB5gCA0qC1,information technology and services,linkedin.com/company/xref-uk-limited,london,xref (uk) limited,england,1-10,
united kingdom,2017,EA6kvkGUtTBIz7VbNJ2SeQDaFSCw,information technology and services,linkedin.com/company/socialgoals,abergavenny,social goals,wales,1-10,socialgoals.co.uk
united kingdom,,7EY6OJCwvyh8E4UM1uExlA8t4zJN,information technology and services,linkedin.com/company/hu7-technology-and-security,kingston upon hull,hu7 technology and security,england,1-10,hu7tech.co.uk
united kingdom,,4ufuktrX0VIQKneM8BNwzQUoOz17,information technology and services,linkedin.com/company/mg-projects-ltd,wingrave with rowsham,mg projects ltd,england,1-10,mgpm.com
united kingdom,,q4ZSmqQv8PNdnL76ivdSSQLkxgND,information technology and services,linkedin.com/company/virtuous-business-solutions-limited,saint helens,virtuous business solutions limited,england,1-10,
united kingdom,,BUrOJMXVw8J9WZ2IviiS7Aan50Q6,information technology and services,linkedin.com/company/full-measure-media-ltd,caerdydd,full measure media ltd,wales,1-10,fullmeasuremedia.co.uk
united kingdom,,f8rXoOr6P1HBtlXpJn1FfQKsStJW,information technology and services,linkedin.com/company/analytical-people,london,analytical people,england,1-10,analytical-people.com
united kingdom,,MipHnTpsi52tDB7zpzzx3gJB7u0E,information technology and services,linkedin.com/company/web-reliable-solutions-limited,slough,web reliable solutions limited,england,1-10,
united kingdom,2014,SNytrnABZHf3CNwmflLSggg9PIjl,information technology and services,linkedin.com/company/envisij,lancaster,envisij ltd,england,1-10,envisij.com
united kingdom,,80f7mNe0MX78q4RWcINz2wTZktNF,information technology and services,linkedin.com/company/aerouxstudio,london,aero · user experience studio,england,1-10,aeroux.co
united kingdom,2020,Juh1QYhJTdWRDOzowJekXALdPZd6,information technology and services,linkedin.com/company/chipcodelab,stowmarket,chipcodelab,england,1-10,chipcodelab.com
united kingdom,,Vnt5LKERKGnugjJMUjJ2ugR80rK8,information technology and services,linkedin.com/company/e3-holdings-limited,bristol,e3 holdings limited,england,1-10,
united kingdom,2020,DllnHSNmn1s4AeLSIBBIXgGCrr8K,information technology and services,linkedin.com/company/geere-up-limited,reading,geere-up limited,england,1-10,geere-up.com
united kingdom,,WMveF7zkaUNZeFicDSo7qQIuIGzI,information technology and services,linkedin.com/company/h.j.s.-systems-engineering-limited,ashington,h.j.s. systems engineering limited,england,1-10,
united kingdom,1962,3aL8BBDulZx4NnvpCyC36gMBLeW4,information technology and services,linkedin.com/company/voith-turbo-ltd,london,voith turbo ltd,england,51-200,
united kingdom,2008,AsiTKOYl0ZdzDzaO4eNOFgfg125L,information technology and services,linkedin.com/company/tortrix-ltd-,nuneaton,tortrix ltd.,england,1-10,tortrix.net
united kingdom,,TBhFomFhcaYbWtjBPdpLGwg6QBa6,information technology and services,linkedin.com/company/lv-protection-limited,bournemouth,lv protection limited,england,1-10,
united kingdom,2012,9gxx8xpsbzy8OINdMw5UOgIxMSMa,information technology and services,linkedin.com/company/mcom-systems-ltd,macclesfield,mcom systems uk,england,1-10,
united kingdom,2017,hndBfISEGlABsxJQREMw7ABEdD18,information technology and services,linkedin.com/company/inspirestechnology,coventry,inspires technology,england,1-10,inspirestechnology.com
united kingdom,2019,yOhZBZULAwBK1HYNBBZh2wZAYvHC,information technology and services,linkedin.com/company/cognikz,cambridge,cognikz,england,1-10,cognikz.com
united kingdom,1999,4ySA3DsAdgvJ8D9620KYPw7Ptcf7,information technology and services,linkedin.com/company/isb-global,london,isb global,england,51-200,isb-global.com
united kingdom,2022,D7brGL7J3wIZccGn2dPW2A95bdqz,information technology and services,linkedin.com/company/hadacta,london,hadacta,england,1-10,hadacta.com
united kingdom,,HC5Kest4RJFt08VLfxTTKgE39cM6,information technology and services,linkedin.com/company/banjoure-limited,london,banjoure limited,england,1-10,
united kingdom,1987,7yRw39sCM6F24prKCCW9igS9wGzt,information technology and services,linkedin.com/company/mesh-computers,london,mesh computers,england,51-200,meshcomputers.com
united kingdom,,YJvpuPuKSUxlpx04gxqSgAtmMAB5,information technology and services,linkedin.com/company/softtrade-ltd,london,softtrade ltd,england,1-10,
united kingdom,2012,jvSx1IdBo7VER88WMlG3bA9vLsGp,information technology and services,linkedin.com/company/linkedup-communications-ltd,manchester,linkedup communications ltd,england,1-10,linkedupcomms.co.uk
united kingdom,2002,gDIOfI0s6CcGa2EyUGSjegty7a5C,information technology and services,linkedin.com/company/planning-portal,bristol,planning portal,england,11-50,planningportal.co.uk
united kingdom,2008,PUeCPOe67uqYrGb7JmVICAYz8vNN,information technology and services,linkedin.com/company/acegurus,london,acegurus,england,51-200,acegurus.com
united kingdom,,lgKFYeR37nwGrBQJW7mBdw8uK71F,information technology and services,linkedin.com/company/crowducator-limited,walton-on-thames,crowducator limited,england,1-10,
united kingdom,,DEst47oOTkeL4TqULvTxIwnqv63L,information technology and services,linkedin.com/company/swarbrick-consulting-limited,altrincham,swarbrick consulting limited,trf,1-10,
united kingdom,,PL3rHh4lt7rbDcZtpL0kGwQbTvpi,information technology and services,linkedin.com/company/ciwb,,ciwb,,1-10,ciwb.co.uk
united kingdom,2021,UhwD5HWKGW6Kh15tXy1QqQ0dwHBR,information technology and services,linkedin.com/company/datafabric-ai,london,datafabric.ai,england,1-10,datafabrichq.ai
united kingdom,,eme5Sl7Xpn0n4vOvc3GiuwkyWHwV,information technology and services,linkedin.com/company/d-&-d-protection-engineering-ltd,southend,d & d protection engineering ltd,england,1-10,
united kingdom,,PLC46uz2DqgFpXeqiFMG6wkR2Qex,information technology and services,linkedin.com/company/g.s.-computer-services-ltd,bristol,g.s. computer services ltd,england,1-10,
united kingdom,2022,M9wqIiBMv1dOhKFePVn9UwRicFdz,information technology and services,linkedin.com/company/srkk-uk,london,srkk uk,england,1-10,
united kingdom,,4eJCnF7utD0RN1UbqSqaBwSbLRL6,information technology and services,linkedin.com/company/wearenova,,nova,,1-10,wearenova.co.uk
united kingdom,,QDZPcKpBi4eOFQK8CtEj4AOxwuwV,information technology and services,linkedin.com/company/mitechsolutions,norwich,mitech solutions limited,england,1-10,mitechsolutions.co.uk
united kingdom,2013,4ToYdhGtnDVnOtcnQx1NVAaSv9II,information technology and services,linkedin.com/company/whitecat-information-technologies-limited,northampton,whitecat information technologies limited,england,1-10,whitecat-it.co.uk
united kingdom,,VRaVvRAFgUJSWlWEwXFvbwUWULqf,information technology and services,linkedin.com/company/international-it-contractors-ltd,loddon,international it contractors ltd,england,11-50,
united kingdom,2020,IuLLCyEUzuP2TJhE2tbALQgsM0oN,information technology and services,linkedin.com/company/it-big-keeper-ltd,west end,it big keeper ltd,england,1-10,itbk.co.uk
united kingdom,2020,tF0QZzL0y1h8kCtqLlOo1gV1SHBR,information technology and services,linkedin.com/company/horizon-consulting-services-ltd,woodley,horizon consulting services ltd,england,11-50,horizon-cs.co.uk
united kingdom,,wx2kHtGc0cUX7C9z83I6jwv4pMNf,information technology and services,linkedin.com/company/monkey-loader,,monkey loader,,1-10,monkeyloader.com
united kingdom,,EImEXCBB2m608IeshuCwIQaQ4vhY,information technology and services,linkedin.com/company/audax-software-limited,leatherhead,audax software limited,england,1-10,
united kingdom,,sDIgONnHyttP43uxdYCP1guizu9z,information technology and services,linkedin.com/company/infoserve-group-plc,leeds,infoserve group plc,england,1-10,infoservegroup.com
united kingdom,2018,kq2Scys3FWrZ7ThbAFAXIAkGuBGR,information technology and services,linkedin.com/company/imnoss,london,imnoss,england,1-10,imnoss.com
united kingdom,,ZCCZUfinv4Xh0Kv4ZiRX2wH2VcLu,information technology and services,linkedin.com/company/i.t-solutions-bath-ltd,bath,i.t solutions (bath) ltd,england,1-10,
united kingdom,,fOBAfZfgK7BZqYamCNK8ngZAIjW3,information technology and services,linkedin.com/company/connecting-world-limited,london,connecting world limited,england,11-50,
united kingdom,2001,cdTVo754BCFOscpFfmsJcApAJ129,information technology and services,linkedin.com/company/webcontrol-ltd,london,web control (uk) ltd,england,11-50,iiot.co.uk
united kingdom,,kz5HFXN2BLMm3vcWmvdVDgzR5X5S,information technology and services,linkedin.com/company/proact-uk,chesterfield,proact uk,england,1-10,
united kingdom,2015,HXBjSf4zXA3BLE6hOQbeTQeWQPLJ,information technology and services,linkedin.com/company/shopamani-as,bristol,shopamani ltd,england,1-10,shopamani.com
united kingdom,,BTmLwEBUAIJbxRo9L1QTQQbhWs02,information technology and services,linkedin.com/company/tischler-consulting-limited,london,tischler consulting limited,england,1-10,
united kingdom,2013,t5Px4hNCz7f12kByaBHNPQxAYQMl,information technology and services,linkedin.com/company/tech-london-advocates-limited,london,tech london advocates & global tech advocates,england,1-10,techlondonadvocates.org.uk
united kingdom,,1PL5LQCeBc9Ib5VBudUmhQBmafbQ,information technology and services,linkedin.com/company/moramatt-consulting-ltd,london,moramatt consulting ltd,england,1-10,
united kingdom,,lDfkLVlEyOUkrPccL8fQrg7Q4nKI,information technology and services,linkedin.com/company/motherson-infotech-solutions-uk-limited,reading,motherson technology services united kingdom,england,1001-5000,
united kingdom,2002,cZurPV4u7cuBn56qaCNKcwAfrWuj,information technology and services,linkedin.com/company/equanimity-uk-limited,london,equanimity (uk) limited,england,1-10,equanimity.it
united kingdom,2008,b6C6pCvfCAr1H3rclevBhAhUds7b,information technology and services,linkedin.com/company/clovertec-ltd,leeds,clovertec ltd,england,11-50,clovertec.co.uk
united kingdom,,ZIoFt76lcFsOoBO2mOXnhgCROvNf,information technology and services,linkedin.com/company/accumuli-security-ash-limited,basingstoke,accumuli security ash limited,england,1-10,
united kingdom,2011,5lCi2VZS8dYKwlG8e4wzswjE4RXS,information technology and services,linkedin.com/company/rsv-solutions-ltd,london,rsv solutions ltd,england,11-50,rsvsolutions.co.uk
united kingdom,,udwz3xMmQCsNsu0BdD5DegMZX8Mc,information technology and services,linkedin.com/company/hax-limited,dry drayton,hax limited,england,11-50,k2b.co.uk
united kingdom,2018,vUbuBthhGBCFnkuFcl3MfQg1Pd45,information technology and services,linkedin.com/company/oviliz,worcestershire,oviliz,england,1-10,oviliz.com
united kingdom,2009,Bs1RPCUNCtspwc5XJNt9rAHQxGIW,information technology and services,linkedin.com/company/project-portfolio-ltd,london,project portfolio ltd,england,1-10,theprojectportfolio.com
united kingdom,,Vw71eeo6U03vx61BAnMygANAlsyT,information technology and services,linkedin.com/company/mike-o-cavaleiro-limited,milton keynes,mike o cavaleiro limited,england,1-10,
united kingdom,2017,iNtNhCgWxC56pzmHLkveogE2aQfb,information technology and services,linkedin.com/company/the-marketiers,west drayton,webgrasshopper,england,51-200,webgrasshopper.com
united kingdom,,l88ao9kCjcax6ICNHPXeOQUmS0ZF,information technology and services,linkedin.com/company/precise-networking-solutions-limited,huddersfield,precise networking solutions limited,england,1-10,
united kingdom,,YYc9HRVRYRMt4XYrvxxtrAYJ3JOC,information technology and services,linkedin.com/company/vircloud-ltd,london,vircloud ltd,england,1-10,
united kingdom,2013,ir4qrHooghykiKGkCTI36QuaKzKf,information technology and services,linkedin.com/company/evolve-technologies-limited,manchester,evolve technologies limited,england,1-10,ev-tek.com
united kingdom,2019,hOmCBWuawBEljG6jy32iWwXGgsBI,information technology and services,linkedin.com/company/s-c-phillips,southampton,spyderisk,england,1-10,spyderisk.com
united kingdom,2013,KvX5LGznULXabHEqjBnURgulUpbZ,information technology and services,linkedin.com/company/master-your-data-limited,north rauceby,master your data limited,england,1-10,
united kingdom,2017,2MppU5sfCRq3Dm56cvIprA2kOhn2,information technology and services,linkedin.com/company/borgotech,london,borgo tech,england,1-10,borgo.tech
united kingdom,,sitBdrlAGN72jf3omkNbCQVS4W33,information technology and services,linkedin.com/company/weaave-media-llp,london,weaave media llp,england,1-10,
united kingdom,,BdpXOpNBzkHCbW6JiSD24AP2iR33,information technology and services,linkedin.com/company/experts-zone-ltd,reading,experts zone ltd,england,1-10,
united kingdom,,zfU6NhPbBbeB7y0omMlkCw7r6A91,information technology and services,linkedin.com/company/c-k-consulting-limited,wolverhampton,c k consulting limited,england,11-50,ckconsultants.in
united kingdom,,q5VAgEg3ECKf9K5KXiMWLgi8qDwf,information technology and services,linkedin.com/company/synchronised-systems,worthing,synchronised systems,england,1-10,sync-systems.co.uk
united kingdom,,gVNFESnZCFDkCxR8oX6BGwRDYYsu,information technology and services,linkedin.com/company/hq-web-services-limited,london,hq web services limited,england,1-10,hqwebservices.co.uk
united kingdom,2009,1F4VR73GQWc7Kwwx3uGT2w7k3Jpx,information technology and services,linkedin.com/company/stone-ig-ltd,nottingham,stone ig ltd,england,1-10,
united kingdom,,Zm3XAhThH0QeVf99tkBRxgGeeYiC,information technology and services,linkedin.com/company/bliss-global-limited,birmingham,bliss global limited,england,1-10,blissgloballtd.com
united kingdom,,Gn3eQHtVqfo4UZqhERXQxQT03bbl,information technology and services,linkedin.com/company/codebox-development-limited,liverpool,codebox development limited,england,1-10,
united kingdom,2002,1WCHhwWHJnqhYLS5x0ILkwhpwMCm,information technology and services,linkedin.com/company/netrix-ltd,london,netrix ltd,england,1-10,netrixinternet.co.uk
united kingdom,2018,BNCCLqClHRWiC67BLe2Vow58Onf2,information technology and services,linkedin.com/company/freelancebi,london,intelytics,england,1-10,intelytics.co.uk
united kingdom,1995,bKwCzvsCznh6rxuILRzAAATZlf3h,information technology and services,linkedin.com/company/pcs-business-systems,london,pcs business systems,england,51-200,pcs-systems.com
united kingdom,2018,3ozYOBi7BDYE2E5l1CDsvAPLQONf,information technology and services,linkedin.com/company/hosst,london,hosst.com,england,1-10,dnactions.com
united kingdom,,ByEN4KtCvznv89CCQOqpVwlBQ0wB,information technology and services,linkedin.com/company/digitonix-technologies-limited,london,digitonix technologies limited,england,1-10,
united kingdom,1999,VAP1PJoFVcSQbqRCzGsKwA5JlDaJ,information technology and services,linkedin.com/company/icit-business-intelligence,bucklow hill,icit business intelligence,england,11-50,icitbi.com
united kingdom,2001,cqGtR2vBMtPzFSPBK9MHJgwoj5dw,information technology and services,linkedin.com/company/complete-technology,london,complete technology,england,1-10,complete-technology.co.uk
united kingdom,,cvbtxmv8C1TUJwQ95MqkzQkANJ2W,information technology and services,linkedin.com/company/sports-betting-community-limited,london,sports betting community limited,england,1-10,
united kingdom,,WE5M2JyWd4BmxAYMzCnGLQ0LnWTN,information technology and services,linkedin.com/company/otus-service-continuity-limited,birmingham,otus service continuity limited,england,1-10,
united kingdom,,3LY91xVfIP1rmQOc1IQ4pwVSNx1c,information technology and services,linkedin.com/company/ralliance-limited,london,ralliance limited,england,1-10,
united kingdom,2016,K2F70NnqznBS4g06sv7SYQtjx5NS,information technology and services,linkedin.com/company/methodexcel-ltd.,southampton,methodexcel ltd.,england,1-10,
united kingdom,,gTlaZBMOApC7c3GHiY6bYA0YK3Bc,information technology and services,linkedin.com/company/s.j.f.-automation-limited,sandbach,s.j.f. automation limited,england,1-10,
united kingdom,2009,7Sd2QnVw2SUWiRPSXiZV3wAxxYTx,information technology and services,linkedin.com/company/marshall-info-tech-ltd,london,marshall info tech ltd,england,11-50,marshallinfotech.com
united kingdom,,reir0BoYgbSkpjDZnnAQvguar9yA,information technology and services,linkedin.com/company/nick-boldison-ltd,york,nick boldison ltd,england,1-10,boldison.com
united kingdom,,xEB5brXKwQz2HryXAXzRPwVhBdqE,information technology and services,linkedin.com/company/synergy365,taunton,synergy cloud,england,501-1000,synergy-cloud.io
united kingdom,2016,o0wZCwObS5wXeyudFgtQXAuufugO,information technology and services,linkedin.com/company/bean-auction-ltd,london,bean auction ltd,england,1-10,beanauction.com
united kingdom,2019,juFNrXP5SSDKWA3NvhkDSwTuJz9D,information technology and services,linkedin.com/company/techwizard-it-services,earlswood,techwizard it services ltd,england,1-10,techwizard.uk
united kingdom,,q08CFLiQkMUQXRvfimtRCglo8w4I,information technology and services,linkedin.com/company/breakfree-limited,london,breakfree limited,england,11-50,
united kingdom,2010,pDDhaiCeunq24XIBVri20A8TDbXy,information technology and services,linkedin.com/company/boemska-technology-solutions-ltd-,guildford,boemska,england,11-50,boemskats.com
united kingdom,,T2ey6dqcmSFdDB6Ps0kNRgzHFaOp,information technology and services,linkedin.com/company/ultimate-automations,london,ultimate automations,england,1-10,ultimateautomations.com
united kingdom,2003,QkEWE7SwsQDDg9AWZRRmJg5BR3pC,information technology and services,linkedin.com/company/swift-digital-solutions,london,swift digital it support and website services,england,1-10,swiftdigitalitsupport.co.uk
united kingdom,,JpT0Anr2mhVCGvsAZ4IRqwAHgWMy,information technology and services,linkedin.com/company/hdi-trendsure-limited,halifax,hdi trendsure limited,england,1-10,trendsure.co.uk
united kingdom,,zBtY27tz9irz9O4v7nqyMwhIeoUK,information technology and services,linkedin.com/company/adn-services-limited,plymouth,adn services limited,england,1-10,
united kingdom,,TsG7EQTsTZPwgNrCONC1MwMi2D88,information technology and services,linkedin.com/company/micro-video-services-limited,london,micro video services limited,england,1-10,
united kingdom,,7trdsBDQEWJjdgtvhJdsPQcTV9SC,information technology and services,linkedin.com/company/centella-ltd,walton-on-thames,centella ltd,england,1-10,
united kingdom,,rG3R96LvUCIFQMTT0zoqwwCm4qlK,information technology and services,linkedin.com/company/struo-limited,london,struo limited,england,1-10,struo.com
united kingdom,,sLCXoZycaCYOwSA8sHBw9ACmcgbe,information technology and services,linkedin.com/company/prospect-east-limited,camberley,prospect east limited,england,1-10,pthc.co.uk
united kingdom,,CEohtXS1waSjWDLAFETRhAZ4sFiU,information technology and services,linkedin.com/company/applied-software-solutions-limited,willington,applied software solutions limited,england,1-10,appliedsoftwaresolutions.co.uk
united kingdom,2009,QJjY9g9pKGSJO2HxrgTfGgdWnACt,information technology and services,linkedin.com/company/prism-technology-wales-ltd,caerdydd,prism technology wales ltd,wales,1-10,prismtechwales.co.uk
united kingdom,2023,Vct3caw2kCkysWqCcDAvnANSLxma,information technology and services,linkedin.com/company/aprio-technologies-limited,london,aprio technologies limited,england,11-50,aprio.tech
united kingdom,2004,YbXYHGj4bFxVYC8088xBcQht1Kfx,information technology and services,linkedin.com/company/am-consultancy-ltd,orkney islands,am consultancy ltd,scotland,1-10,amconsultancy.net
united kingdom,2010,87tpcEldQcQPMDi1I25Mzwy7DgPc,information technology and services,linkedin.com/company/swipe-pay-ltd,windsor,swipe pay ltd,england,1-10,swipe-pay.com
united kingdom,,V3BJrsQ9GBdBGlC2RHtZVg9L3Ybj,information technology and services,linkedin.com/company/4secgroup-limited,london,4secgroup limited,england,1-10,4secgroup.com
united kingdom,2021,rzdhAHkWmaTBJiDirtHRTQP2O5ff,information technology and services,linkedin.com/company/foodbud,cambridge,foodbud,england,1-10,foodbud.ai
united kingdom,,YME0Xk3PLQAiRZWReHj1aABQ4Zba,information technology and services,linkedin.com/company/boyce-allen-group,paignton,boyce allen group,england,1-10,boyceallen.co.uk
united kingdom,,mdJEUjxbC8T5hnkDDXMqZAXs22wm,information technology and services,linkedin.com/company/the-information-service-limited,birkenhead,the information service limited,england,1-10,
united kingdom,2018,PZErsdACBrDP7UZ7Ro3YMwBxhJGk,information technology and services,linkedin.com/company/circum-world,london,circum.world,england,1-10,circum.world
united kingdom,,LpbJ08tncnBkSghZYIwDOwlHeoxN,information technology and services,linkedin.com/company/tanzah-limited,reading,tanzah limited,england,1-10,
united kingdom,,OgN8qEmTEsKvv7IkSjlGjw41BklE,information technology and services,linkedin.com/company/bevington-enterprises-limited,,bevington enterprises limited,,1-10,
united kingdom,2019,ldfNcJIJXKFcGY1Zk34YnAw3HNAh,information technology and services,linkedin.com/company/magicforce,london,magicfuse (by techmagic),england,11-50,magicfuse.co
united kingdom,,6hIlPnRnYbBX6Sk1JAR33A33phEc,information technology and services,linkedin.com/company/invisiblereturns,,invisiblereturns,,1-10,invisiblereturns.com
united kingdom,,RyTXbsYzuPWeDXxjx8a4OAvQVGqv,information technology and services,linkedin.com/company/omega-sky-limited,blackburn,omega sky limited,england,1-10,
united kingdom,,09CN3EAMdbIzpN5FsTqh6wNhmYvR,information technology and services,linkedin.com/company/orderchain,london,orderchain,england,1-10,orderchain.io
united kingdom,1995,EaeGziMCCZxQvziRz5ZviQ9eoZCW,information technology and services,linkedin.com/company/sjl-printmedia-limited,trafford park,printmedia limited,england,11-50,
united kingdom,,uCJyw5B0uLJFKGGbc30TyQK1NSIY,information technology and services,linkedin.com/company/fintech-co-uk,bristol,fintech.co.uk,england,11-50,fintech.co.uk
united kingdom,,43qcv6WSIl8k9hsHlMESvQp3Muur,information technology and services,linkedin.com/company/interwork-solutions-ltd,london,interwork solutions ltd,england,1-10,
united kingdom,,kO3SRjrW86vDeBDAcZBtEA8nSWLt,information technology and services,linkedin.com/company/systemizer,london,systemizer,england,1-10,systemizer.co.uk
united kingdom,,vKZqJ1t90VIT1CeoakZ1gAUuNKgP,information technology and services,linkedin.com/company/cloud-cauldron,newbury,cloud cauldron,england,1-10,cloudcauldron.io
united kingdom,2021,SuaqPhyLnNsukegyIZaR3AM0nRcS,information technology and services,linkedin.com/company/nexumweb3,london,nexum | web3 marketing experts,england,11-50,n3xum.com
united kingdom,2006,6bnNoaWSdFb1IAvjkv81kwAn4iAK,information technology and services,linkedin.com/company/it-services-support,london,it services support,england,11-50,itservicesconnected.co.uk
united kingdom,2016,wJ83HJkYb84neSzDPXupsAXSmFgc,information technology and services,linkedin.com/company/vnpnet,london,vnp digital,england,11-50,vnpdigital.com
united kingdom,,lOD1puKhMM6wElCGWUokhAPMtcdS,information technology and services,linkedin.com/company/arlington-solutions-limited,london,arlington solutions limited,england,1-10,arlington.com.au
united kingdom,2022,nNUn3hSCklWRLZXgyAChyQzfzXBB,information technology and services,linkedin.com/company/alvearium-associates,birmingham,alvearium associates,england,1-10,alvearium.co.uk
united kingdom,,n8qrZvTvTZBrCGYE8KCQuQbVPHzC,information technology and services,linkedin.com/company/skyperma-perspectives,durham,skyperma perspectives,england,1-10,skypermaperspectives.co.uk
united kingdom,2013,DxAoSAVBJOqOyvytO4h7QATHVvDP,information technology and services,linkedin.com/company/smart-host-services,littlehampton,smart host services,england,1-10,eventinsighter.com
united kingdom,,AWYTSMS0je4y330pMxacKw1qmq2o,information technology and services,linkedin.com/company/falconer-consulting-ltd-,sauchen,falconer consulting ltd.,scotland,1-10,
united kingdom,,pAUJEQyMIQc8Z7yzmyGO3wMj8kfE,information technology and services,linkedin.com/company/business-solutions-consultants-limited,bolton,business solutions consultants limited,england,1-10,
united kingdom,,9brBpCRZIN1YxkBdYtPszQVvnEZv,information technology and services,linkedin.com/company/touch-legal-ltd,westhoughton,touch legal ltd,england,11-50,
united kingdom,,AKBt0JKLE3eODKzptuC6PQqOQbox,information technology and services,linkedin.com/company/hand-in-hand-theatre-productions,wallasey,hand in hand theatre productions,england,1-10,handinhandtheatreproductions.co.uk
united kingdom,2006,Z66rExuoM51yY74CldbjoQtTrak1,information technology and services,linkedin.com/company/grey-cells-limited,london,grey cells limited,england,1-10,grey-cells.com
united kingdom,2007,9aVogErP00fYbOHp61VVQQ31X4vf,information technology and services,linkedin.com/company/randomstorm-ltd,wetherby,randomstorm ltd,england,51-200,randomstorm.com
united kingdom,,9Z1PzdpSUHDphUYCCXJvrApMxb0T,information technology and services,linkedin.com/company/interleaf-consulting-ltd,eastbourne,interleaf consulting ltd,england,11-50,
united kingdom,,OQ8c7zJRBdjah5BsS0FoNAB9jaJ0,information technology and services,linkedin.com/company/azam-technologies-limited,london,azam technologies limited,england,1-10,
united kingdom,,6FXRMZz9rv3F0Oj8DtTv7Q7Py48Y,information technology and services,linkedin.com/company/progressive-technology-solutions-limited,caerdydd,progressive technology solutions limited,wales,11-50,
united kingdom,2012,RMoXsCm0wTPPJ2vnbqCqogN9YwBP,information technology and services,linkedin.com/company/azuretek-it-solutions,,azuretek it solutions,,11-50,azurits.com
united kingdom,2001,2K0jqLGCXKz2P4gKVPOuLgttoRn9,information technology and services,linkedin.com/company/choose-broadband,lancaster,choose broadband limited,england,11-50,choose-broadband.com
united kingdom,,qE7VFhWnRLzHRLJBohqMkANF2BrP,information technology and services,linkedin.com/company/design-driven-solutions,bristol,design driven solutions ltd.,england,1-10,designdrivensolutions.co.uk
united kingdom,2013,lNilcCtsFksbDZZ7HyqiqAJ9mdxK,information technology and services,linkedin.com/company/cap-project-services,whickham,creative agile partners,england,1-10,creativeagilepartners.co.uk
united kingdom,2018,pJ07Lrdyprapeb6VBWLN4w6JQUAD,information technology and services,linkedin.com/company/nitro-web-creations,london,nitro creations,england,1-10,nitrocreations.co.uk
united kingdom,2016,v7s2cYlKWT8iCxE9XXZAog90FzV6,information technology and services,linkedin.com/company/elencion-it-solutions,london,elencion it solutions,england,11-50,elencion.com
united kingdom,2017,RTCmkAiLYHewAyBj4cgESwlbxxp6,information technology and services,linkedin.com/company/pyrat-ltd,derby,pyrat ltd,england,1-10,pyrat.co
united kingdom,,5Uf6YFbFppxvZIu4CcrCyQuR3TIS,information technology and services,linkedin.com/company/salvus-group,durham,salvus group,england,11-50,
united kingdom,,1zmCqXGlFNdvbBnmvXIilguTPJuP,information technology and services,linkedin.com/company/atherton-plant-services-limited,warrington,atherton plant services limited,england,1-10,
united kingdom,2007,1DI1cBBAreNtrY77MLK0OwZjg4Ln,information technology and services,linkedin.com/company/prm-green-technologies,cannock,restore technology cannock formerly prm green technologies,england,11-50,prmgreentech.com
united kingdom,2009,CIbPLl9BCrjlhr2msa26RwMLacqN,information technology and services,linkedin.com/company/eaglesoft-solutions-ltd,leeds,eaglesoft solutions ltd,england,1-10,eaglesoft.co.uk
united kingdom,2016,HKzEWFyOh3OVkGChHNu78QifPjFv,information technology and services,linkedin.com/company/btcbros,london,btc bros,england,1-10,
united kingdom,1997,WvFQj47bHP2gg6Y4DZAzwA2jPuuC,information technology and services,linkedin.com/company/bpenet-limited,eastbourne,bpenet limited,england,1-10,bpenet.net
united kingdom,2009,mQgfX2roxHMAZkzFZCVRWgLt6vHd,information technology and services,linkedin.com/company/beebox-systems,blyth,beebox systems,england,1-10,beeboxsystems.co.uk
united kingdom,2006,aCCiTmQLoBoZ2BRKBGz0tAzbQqlM,information technology and services,linkedin.com/company/hub-business-solutions-ltd,cheltenham,hub business solutions ltd,england,1-10,wearehub.uk
united kingdom,1996,mDOmoWon3JAe81ITwdLdXAqQPD3n,information technology and services,linkedin.com/company/highpoint-uk,london,highpoint uk,england,51-200,
united kingdom,,gNGJGNQx9yx215UF0M9C3AbLc5xD,information technology and services,linkedin.com/company/indigo23,,indigo23,,1-10,indigo23.it
united kingdom,2019,ohLTGPq9TNb6jvqBEBqSuwZeWYoy,information technology and services,linkedin.com/company/allinitltd,southend,all in it ltd,england,1-10,allinitltd.co.uk
united kingdom,2008,EkBtssGWOemBvBYpHBtJawfee4vI,information technology and services,linkedin.com/company/isv-exit-strategy,london,isv exit strategy,england,1-10,isvexitstrategy.com
united kingdom,,bQjBQXquGf76BZwBKPuAfwVDmwjW,information technology and services,linkedin.com/company/ipinnacle-ltd,norwich,ipinnacle ltd,england,1-10,pinnacleltd.com
united kingdom,,1NLSlOYzPCsNN532H7LPcwJYUibc,information technology and services,linkedin.com/company/wider-plan,redditch,wider plan,england,11-50,widerplan.com
united kingdom,2019,sTXjYSJvpOCAO6uUVhBkswxlYYkN,information technology and services,linkedin.com/company/mercury-it-solutions-uk,london,mercury it solutions uk,england,1-10,mercurysolutions.co.uk
united kingdom,2007,f1caLA4aitydUFTuefBhCAOF9fu2,information technology and services,linkedin.com/company/synergie-multimedia,bristol,synergie-multimedia,england,1-10,synergie-multimedia.com
united kingdom,,FVOok1DPGDWlOELAOlGgIwZ1uMpl,information technology and services,linkedin.com/company/game-analytics-limited,london,game analytics limited,england,1-10,
united kingdom,,yWIIVLERIvUm0MKBkarYFQXTFCiv,information technology and services,linkedin.com/company/x3-internet-solutions-llp,meopham,x3 internet solutions llp,england,1-10,x3internetsolutions.com
united kingdom,,0o1d8NvUJGKAOC1AlwR3BwvKAJ9A,information technology and services,linkedin.com/company/linktra-technology-limited,london,linktra technology limited,england,1-10,linktra.com
united kingdom,2017,8J9Xi9vVB4VQyQrU822ETQS1Pjpx,information technology and services,linkedin.com/company/zenaxys,london,zenaxys,england,11-50,zenaxys.com
united kingdom,,yhWD4017MBN0HM2S7CCjow2SO1J4,information technology and services,linkedin.com/company/crescent-computers-limited,woking,crescent computers limited,england,1-10,
united kingdom,2018,I4CLD57kZZRr9MzCZLpFrg50EUcd,information technology and services,linkedin.com/company/ensaro,london,ensaro,england,1-10,ensaro.com
united kingdom,,dtSmDR79bh9TqWTAdqoVoAbbqCIL,information technology and services,linkedin.com/company/alebusinessmachines,hersden,a.l.e,england,11-50,
united kingdom,,76S7i9BhANoLcQDjrwMtdw1o1qL5,information technology and services,linkedin.com/company/gk-consultant-services-ltd,,gk consultant services ltd (uk),,1-10,instagram.com/gurpreeti.k
united kingdom,2010,BMeg6Ow1ZHBqq2MyJB92mQELcLzh,information technology and services,linkedin.com/company/igenie-consulting,london,igenie consulting,england,11-50,igenieconsulting.com
united kingdom,,TfA2agMjmko3CKZl7OGbVwP4bpR2,information technology and services,linkedin.com/company/xanthus-solutions-ltd,staines-upon-thames,xanthus solutions ltd,england,1-10,
united kingdom,2019,maA3CyPE7CZBbdsMLuMa0ghpdFVg,information technology and services,linkedin.com/company/gruber-services-limited,london,gruber services limited,england,1-10,gruberservices.com
united kingdom,2018,CC7r4fgw5UoGaA8cOYuUYAlW6kjE,information technology and services,linkedin.com/company/peppysite,london,peppysite ltd,england,1-10,peppy.site
united kingdom,,9x4IctJJzwFLzYVbyhtnKQx8DJDR,information technology and services,linkedin.com/company/clientella-limited,leeds,clientella limited,england,1-10,
united kingdom,,koQ5WFVZWRDL1n5kVuQJWgI4Mkfd,information technology and services,linkedin.com/company/matrix-technical-services,london,matrix technical services,england,1-10,matrixtechnical.co.uk
united kingdom,2011,GFYPxwrqzCUHwAv4A2U9ygOyc3AF,information technology and services,linkedin.com/company/branchspace,london,branchspace - digital reinvented,england,51-200,branchspace.com
united kingdom,2013,spTWFdTUWJhNIttpo6Y22gCoS86g,information technology and services,linkedin.com/company/dtechsystems,london,dtechsystems.co,england,51-200,dtechsystems.co
united kingdom,,0mo0Zo8sd0i65KIJCDDYiQIVYLsJ,information technology and services,linkedin.com/company/ajaia-limited,bristol,ajaia limited,england,1-10,
united kingdom,2002,552ABJ73cSngmi52Ng2ECgdmec1Z,information technology and services,linkedin.com/company/enforce-technology-limited,oldbury,enforce technology limited,england,11-50,enforcetechnology.com
united kingdom,2016,GnZE2iGlEP6j3agq0bNROAcihMOv,information technology and services,linkedin.com/company/webitonix,manchester,mrt traders ltd.,england,1-10,mrttraders.com
united kingdom,2011,Z7sNRq8vnlGGAoForABuAguiHD5C,information technology and services,linkedin.com/company/altmetric,london,altmetric,england,11-50,altmetric.com
united kingdom,,JTrJAGoDyEIBNsYricLOvAazD5fJ,information technology and services,linkedin.com/company/help-with-admin,doncaster,help with admin,england,1-10,helpwithadmin.com
united kingdom,2004,J2BdJVcHYUETmn4w5Cz2KQMIfsJS,information technology and services,linkedin.com/company/people-centered-economic-development-uk,lydney,people-centered economic development uk,england,1-10,p-ced.org
united kingdom,,zCHzrLlGIarLLpB2GtsAJQENS0jo,information technology and services,linkedin.com/company/patricia-spooner,spalding,patricia spooner,england,1-10,
united kingdom,,B00wGyeJrFuNGoURjMc8qAakQUEb,information technology and services,linkedin.com/company/datavision-solutions-ltd,laurencekirk,datavision solutions ltd,scotland,1-10,
united kingdom,2009,FDstfjJfvxNzCdh9eLm5xAOGLuNk,information technology and services,linkedin.com/company/it-&-service-management-consulting,bristol,it & service management consulting ltd.,england,1-10,myitsmc.com
united kingdom,2017,p0KAFUePoCmjOkMaaZncyw9uyMQE,information technology and services,linkedin.com/company/thinkwebsite,london,thinkwebsite,england,1-10,thinkwebsite.co.uk
united kingdom,,CDi2N8UAHODbVKI5QE7CCw0vuI4Z,information technology and services,linkedin.com/company/plane-sense-aviation-limited,london,plane sense aviation limited,england,1-10,
united kingdom,,vYBMA3PVPGWuwYl2at5pdgGEjPlI,information technology and services,linkedin.com/company/proposalsupportuk,west haddon,proposalsupportuk,england,1-10,proposalsupportuk.co.uk
united kingdom,,PWjvCvFNBCo41ApvFSru0g3RRobh,information technology and services,linkedin.com/company/salesline-associates-limited,bramshott and liphook,salesline associates limited,england,1-10,
united kingdom,2020,00mLrAkhBlUS0n6IOjxrqgqIKmuh,information technology and services,linkedin.com/company/bytesfoodapp,coventry,bytes,england,1-10,bytes-app.com
united kingdom,,huYk3uDCLbywW0qQF7ojGQu0QPQt,information technology and services,linkedin.com/company/userite,london,userite,england,1-10,userite.com
united kingdom,,5xc0E1BC5vfyas4C2g6rTwrJd9dC,information technology and services,linkedin.com/company/vyset-ltd,burnham on crouch,vyset ltd,england,1-10,
united kingdom,,WAL59zzCeKc0hZXtqcCILg3m1JUw,information technology and services,linkedin.com/company/the-learning-hub-group-limited,london,the learning hub group limited,england,11-50,thelearninghubgroup.co.uk
